review_id,review_text,predicted_sentiment,suggestions,details
1,One of the best game music soundtracks - for a game I didn't really play,positive,"['✓ Excellent review! Customer is satisfied', '✓ Continue maintaining this quality standard', '✓ Consider featuring this review for marketing']",['Prediction confidence: 71.0%']
2,Batteries died within a year ...,negative,"['Improve overall product quality and reliability', 'Enhance customer experience and satisfaction', 'Conduct quality assurance testing before shipping', 'Gather and act on customer feedback regularly']",['Prediction confidence: 79.8%']
3,"works fine, but Maha Energy is better",positive,"['✓ Excellent review! Customer is satisfied', '✓ Continue maintaining this quality standard', '✓ Consider featuring this review for marketing']",['Prediction confidence: 81.3%']
4,Great for the non-audiophile,positive,"['✓ Excellent review! Customer is satisfied', '✓ Continue maintaining this quality standard', '✓ Consider featuring this review for marketing']",['Prediction confidence: 100.0%']
5,DVD Player crapped out after one year,negative,"['Improve overall product quality and reliability', 'Enhance customer experience and satisfaction', 'Conduct quality assurance testing before shipping', 'Gather and act on customer feedback regularly']",['Prediction confidence: 73.8%']
6,Incorrect Disc,negative,"['Improve overall product quality and reliability', 'Enhance customer experience and satisfaction', 'Conduct quality assurance testing before shipping', 'Gather and act on customer feedback regularly']",['Prediction confidence: 65.1%']
7,DVD menu select problems,negative,"['Improve overall product quality and reliability', 'Enhance customer experience and satisfaction', 'Conduct quality assurance testing before shipping', 'Gather and act on customer feedback regularly']",['Prediction confidence: 53.6%']
8,Unique Weird Orientalia from the 1930's,positive,"['✓ Excellent review! Customer is satisfied', '✓ Continue maintaining this quality standard', '✓ Consider featuring this review for marketing']",['Prediction confidence: 61.0%']
9,"Not an ""ultimate guide""",positive,"['✓ Excellent review! Customer is satisfied', '✓ Continue maintaining this quality standard', '✓ Consider featuring this review for marketing']",['Prediction confidence: 54.4%']
10,Great book for travelling Europe,positive,"['✓ Excellent review! Customer is satisfied', '✓ Continue maintaining this quality standard', '✓ Consider featuring this review for marketing']",['Prediction confidence: 98.4%']
11,Not!,neutral,['Review too short for analysis'],[]
12,A complete Bust,negative,"['Improve overall product quality and reliability', 'Enhance customer experience and satisfaction', 'Conduct quality assurance testing before shipping', 'Gather and act on customer feedback regularly']",['Prediction confidence: 63.9%']
13,TRULY MADE A DIFFERENCE!,positive,"['✓ Excellent review! Customer is satisfied', '✓ Continue maintaining this quality standard', '✓ Consider featuring this review for marketing']",['Prediction confidence: 72.7%']
14,didn't run off of USB bus power,negative,"['Improve overall product quality and reliability', 'Enhance customer experience and satisfaction', 'Conduct quality assurance testing before shipping', 'Gather and act on customer feedback regularly']","['Prediction confidence: 86.1%', '[Battery] Detected issues: power']"
15,Don't buy!,negative,"['Improve overall product quality and reliability', 'Enhance customer experience and satisfaction', 'Conduct quality assurance testing before shipping', 'Gather and act on customer feedback regularly']",['Prediction confidence: 97.7%']
